{"labels": [0, 0, 0, 0, 0, 0, 0, 0, 0, 0, 0, 0, 0, 0, 0, 0, 0, 0, 0, 0, 0, 0, 0, 0, 0], "scores": [0.9973255395889282, 0.9969345331192017, 0.9948904514312744, 0.9200241565704346, 0.8996825814247131, 0.8448650240898132, 0.8265032768249512, 0.8146131634712219, 0.5894664525985718, 0.5362175703048706, 0.5128668546676636, 0.5073901414871216, 0.4334832429885864, 0.42152854800224304, 0.32793480157852173, 0.3001374304294586, 0.24603323638439178, 0.20151495933532715, 0.17198289930820465, 0.16867800056934357, 0.15792791545391083, 0.11949364095926285, 0.10255929082632065, 0.07624464482069016, 0.07248485833406448], "bboxes": [[615.890625, 68.39159393310547, 844.1036376953125, 350.14141845703125], [522.2899780273438, 328.0196228027344, 756.1419677734375, 602.4782104492188], [125.00867462158203, 418.7778625488281, 203.65078735351562, 500.2034912109375], [517.0829467773438, 355.80157470703125, 558.9141235351562, 424.996826171875], [1958.7083740234375, 458.621826171875, 2018.41162109375, 516.8982543945312], [349.7083740234375, 1005.7669677734375, 426.40087890625, 1178.50146484375], [1915.67431640625, 464.4888916015625, 1963.5706787109375, 517.2664184570312], [853.9618530273438, 988.1263427734375, 940.1951904296875, 1163.35107421875], [571.1718139648438, 310.2857666015625, 632.057861328125, 353.2789611816406], [1044.2762451171875, 922.0303344726562, 1094.32568359375, 1059.66259765625], [250.1597137451172, 860.0714111328125, 323.6859130859375, 988.6018676757812], [438.0961608886719, 987.4703979492188, 505.7344665527344, 1154.054443359375], [517.9601440429688, 312.6156311035156, 632.8403930664062, 422.6152038574219], [35.7911376953125, 954.0816650390625, 130.95947265625, 1125.4014892578125], [316.2117614746094, 866.0260620117188, 367.7690124511719, 1075.912109375], [740.5040893554688, 0.0, 900.2260131835938, 62.03834915161133], [951.735107421875, 907.1777954101562, 1005.1984252929688, 1021.5382080078125], [516.9225463867188, 818.7508544921875, 563.5662841796875, 920.15087890625], [589.1077270507812, 821.188720703125, 642.5867919921875, 885.4989624023438], [554.727783203125, 794.180419921875, 597.085205078125, 938.0115356445312], [1917.0216064453125, 459.96563720703125, 2017.0233154296875, 526.3470458984375], [1282.6162109375, 459.4114990234375, 1428.10546875, 758.4230346679688], [372.09881591796875, 869.2444458007812, 430.2186279296875, 1025.6856689453125], [576.9815063476562, 308.6535339355469, 716.6940307617188, 367.5001220703125], [1034.1138916015625, 476.8753967285156, 1151.63818359375, 789.90966796875]], "masks": [{"size": [1365, 2048], "counts": "ZYei0l1eX18I5L3N2N2M4K6H>C7J6K3N3M3L4L6I7J4M3M2N2N2N2N4K5J6L3M3M2N2M3N3L5L3N1N2N2O1N2N2M5K4M4L2N2O2M2O1O2N1N2O001N2N2N3M2N2N2N2O1N101O1O2N2N1N2O1O001N101N1O2N2N1O2N2O1N2O001N101O000000000000000O10000000000000000000000000000000000000000000000000000001O00000000000O2N101N2M3N3M1O2N101O000O2O00000O100O2N1O1N2O1O100O2O0O2N2O1N2N2N1O2N2M2O2N100O2N1O1O2M2O2N1O2N2O2M2N2N2M3M2O2N2N2N2N3M2M3N2M3N2N2O1N2M5K3M4L3N1O2N3L4M5H8H6K5L3N2N2N3L5K8C;G7L4L3N2M5J:Cm0dNZS^b1"}, {"size": [1365, 2048], "counts": "gVle04YZ1`0G2N3M3MP2PN>B5K4K4M2O2M4L4M2M3N2N1N3N1O2M3N2M4M1O2M2O1N2O1N4L3M2O1N2O0O2O2N2M3N2N1O1N2O1N3M2M3N1N3N101N2O002M2O2N1N2O1O1N1O2N1O2N1O2O1N2O1O001N2O001O001N101O1O1N3N1O1O1N100O2O000O2O0O101O001O1N3N1O1O001O00000O2O00000000001O010O00010O1O010O00001O01O01O0001O001O010O0000000O101N100O1O100O1O100O10000O10001N101O0O2N2O1N2N2N1O2N1O2N100O1O2O0O1O1N2O1O1O1O101N2N2N2N3M2M3N2N101N1O1O2M2N3N1O2N2O2M3M3M4L3M2N2M3N2N2M4K6K3M4L3N1O2N3L3L6J6I6K5M2M3N3L5I7H<_O?H5M2M3N3M3L8A`jie1"}, {"size": [1365, 2048], "counts": "^gY56VZ1c0D4K6L3M2M4M3M2N3M2N2N2M3M3N3N1N2O1O0O2O1N101O001O001O00000000001O000000000000000001O001O00001O000O10001O1N1M3O2O0O2N2M3N2N2M3N2N2N2N2M3N2N4K4L4L7G7Kgnj\\2"}, {"size": [1365, 2048], "counts": "Xaae0`0QZ17J6L4L3L4L3N3M2M4M2O1N1O10M2M3M4M3N1O1M310L4N2O0N3N101N2N2N2N2O1O1O1N2O1N3M3N2LfjQn1"}, {"size": [1365, 2048], "counts": "ZUia29ZZ15J6K4L4M2N3M2N2N2N2N2N2N101N2N101N2O0O10000000000O1000000000000O1001O0000001O000O101O0N3N1O2N2N1O2K6M3L6CjkX1"}, {"size": [1365, 2048], "counts": "Pnh>`0ZX1o2gN<H8Ik0TO4M2N1N2O0O100O1O1O100O100000000000000000000000000000000000000000000000O1000000O1N2O1000000000000000000000001O000O100N3K5L3K5hNY1D<fNY1ZOh0InTaS2"}, {"size": [1365, 2048], "counts": "Xkk_28YZ18I6K3M3M3N2N2N2N101N2N101N2O0O101O1O001O00001O00000000O2O0O1O2N1O1O2N2N2O1M2O2N2M4L4K8F`Ub3"}, {"size": [1365, 2048], "counts": "i[gS1W2\\X1>C5L_1`N5L3M3M2M2M4M3M2O001O000O2O0000000O1O1N200O10001N101O001O001O001O000000000000O1000000O100O1O100O1000000O100000000O2O0O102L3L4K5G8B>I7L4E;K6G8E;L6I7^Ob0@?\\O\\PX^1"}, {"size": [1365, 2048], "counts": "gTlg07ZZ14M3M3N1N3O1N101O001O001N1010O0010O010O010000O0010000O100O10000O10000O10000O10000O101O0O101N10001O0O101O1N2O1N3MblQk1"}, {"size": [1365, 2048], "counts": "VXc[18oY1h0@=F9UiN[NYT1n1^kNSNaT1S2ZkNnMeT1W2UkNjMjT1]2PkNcMPU1`2mjN`MSU1b2jjN`MUU1b2gjN`MYU1b2djN_M\\U1c2ajN^M_U1d2^jN]MbU1d2VjNcMjU1_2kiNjMUV1[300O1001OO10^OdiNkL\\V1i2UjNRMkU1i2\\jNUMdU1j2`jNSM`U1k2cjNTM]U1k2djNTM]U1k2djNUM\\U1k2ejNSM]U1j2ejNVM[U1h2gjNXMYU1g2\\1O0L4O1M3N2N2M3M3G9L4H9J8E=UOUThW1"}, {"size": [1365, 2048], "counts": "]S^:2_Z1S1oN8I5K4L5K4M6Je0[Oc0]O2N2N1N101O001O1N2O0O101N100O1000000000000000000000000000O1000000000000000000000000000001N1O1O2N101N1N3L3M3mNR1L6H7A?N3L3M4L\\XmW2"}, {"size": [1365, 2048], "counts": "^UZb0k0gY1?B9G:F;G5J9H4L3L4L2O3L3M2O3L2O1O1O3M1O1O1O1ZjN[LZT1i3YkNaLfT1a3njNjLQU1]400000000000000000ZOjjNmKVU1f3\\kNULdT1i3`kNTLaT1i3ckNVL]T1h3ekNWL\\T1h3fkNWLZT1i3Y1O1N2O1O100O1M3N2O1N2N2L4M3O1K5K5I8I7I8F:Ed0ROhk[P2"}, {"size": [1365, 2048], "counts": "cVde0b0QZ15J6J5K5M2N3L4M2O1N1N101000N1I8J5O2N1O2N1O2O1N1N3N11O01O100N2M3N2N2O1O010O1O1O2M2M3N20O00100O10O001N2ON2O2N2O0O1O1N3M3K4O2N11O01O00000010O01000O2O0O1000001OO0N2M3001O10000O10000O100O10001O0O101N101O0O2O000O2O0O101O1N2O2M`lQk1"}, {"size": [1365, 2048], "counts": "nm`18ZZ19Ja0^Oa0_O:F4K=D>C7I;E?A8G7J5K1O1O2N2N2N1N2O2N1O0O2O0O1O101N100000001N101O00000000000000O100000000O10000000000O1000000000000O100O1O1O1O10000O100O100O1O1O1O100O100O100O1O2M2O1O1O1K5J6J7VNj1A?K7IT^j_2"}, {"size": [1365, 2048], "counts": "_kX=b2eW1d0E7L3L3M3N2N2L4O1N2J6L4L4K5I7@`0@`0K5M3M3N2O1O10O01000O100O10O1000N2N101_NYlNQLkS1b3j1C=A`0I7M3K7Ia0Bj0UO>A<CeVQV2"}, {"size": [1365, 2048], "counts": "Zhkn07^Z11N10001O2N1O001O011N3M1O1O1O1O1O2N001O001O3M1O1O1O001O1O001O1O002N1O1O1O001O1O001O001O100O1O1O00001O001O001O001O1O1O001O001O00001O001O001O00000000000000000000000000000000O1000000O10000O10000O100O10000O100O10000O1O1O1O10000O100O1O100O100O1O1O100O100O1O100O1O1O1O1O1O100O1O100O1O1O1O1N2O100O1O1O1N2O1N200O1M3O2N1O1O4KXYj_1"}, {"size": [1365, 2048], "counts": "gbhW1o2dW16JLdhNWMWW1c2QiN\\MoV1a2UiN^MjV1`2YiN`MgV1_2ZiNbMeV1]2\\iNcMdV1\\2]iNcMcV1]2_iNbM`V1_2aiN`M^V1a2ciN^M]V1b2diN]M\\V1c2k0000000O10O10001O000ghN[MbV1e2]iN_M`V1a2`iN`M_V1`2aiN`M_V1`2`iNaMaV1^2`iN`MaV1`2_iN_MbV1b2]iN^McV1b2]iN^McV1c2\\iN\\MeV1d2[iN\\MeV1e2ZiN[MgV1e2WiN\\MiV1f2QiN_MnV1c2mhN`MTW1`2jhNaMVW1m23M2N2K5J6N2C=D=D=Ca0nNXi^[1"}, {"size": [1365, 2048], "counts": "doae03VZ1e0C;H4M3L3N3L3N3M2M7J4L3M3M3M1N5L2N6J2N3M00002N1OO01O20N01O2OO1O1K5\\Od0J6I7I7C>K6L2K6L5I7K7Fhfjm1"}, {"size": [1365, 2048], "counts": "]nah032NYZ1g0B9G4L3M3M00102M2O2M02N01O111N2M001N100O10000O100000000O01O001O100O0100O1000O10000O1O2K5J6M3N1N3N2M4L4Hj\\aj1"}, {"size": [1365, 2048], "counts": "deTg0m1WX1a0J6M3L4N2M3M3L4O1L4M3QOiL_jNX3aU1iL\\jNY3cU1m0O10000000000000000001O3hKliNi3dV1L7I4L6J4K6J7G6K6I7J8^O^gN_NSY1d0d[al1"}, {"size": [1365, 2048], "counts": "Pko_29WZ15O2N5K4L2N1O100O1O100O2dfNPOQY1P1ofNQOoX1P1QgNPOoX1P1QgNQOnX1o0RgNSOlX1m0VgNROiX1n0XgNQOhX1o0XgNQOiX1m0YgNSOfX1m0ZgNSOfX1m0ZgNSOfX1m0ZgNSOgX1l0XgNTOiX1m0SgNVOnX1l0nfNTOSY1l0mfNSOUY1l0kfNTOUY1l0kfNSOVY1l0kfNTOVY1d0QgN[OPY1a0UgN]OoX13afNOO2`Z5LQfJ0_Y10aP49doK8L3L3M4M3M2O0O3L3O1N2M3N2O000O2O0O2O0O2O0O100O1000000000000000000000000000O101O00001O00001O0O2O1N1O2L4K5L5KhkX1"}, {"size": [1365, 2048],