{"labels": [0, 0, 0, 0, 0, 0, 0, 0, 0, 0, 0, 0, 0, 0, 0], "scores": [0.9974461793899536, 0.9970691800117493, 0.9959331154823303, 0.9949238896369934, 0.9932073950767517, 0.9907229542732239, 0.8224331736564636, 0.2608320713043213, 0.1742304116487503, 0.15109439194202423, 0.07111092656850815, 0.06321077793836594, 0.05936705321073532, 0.053093671798706055, 0.05060257017612457], "bboxes": [[487.8782653808594, 339.0010986328125, 727.5890502929688, 617.27783203125], [690.80224609375, 451.0897521972656, 935.700439453125, 736.8685302734375], [516.3451538085938, 168.2169952392578, 738.7048950195312, 378.8531799316406], [561.4790649414062, 590.5575561523438, 748.3850708007812, 773.0409545898438], [694.1436767578125, 247.19998168945312, 927.01806640625, 494.4748840332031], [853.766845703125, 476.6840515136719, 992.8213500976562, 717.202880859375], [729.7827758789062, 214.77838134765625, 906.8182983398438, 301.510986328125], [513.5563354492188, 232.65057373046875, 734.825439453125, 462.5150146484375], [697.1422119140625, 283.56298828125, 741.9324340820312, 391.42083740234375], [710.9127807617188, 226.38137817382812, 919.9176025390625, 395.12213134765625], [588.9463500976562, 532.3364868164062, 854.5853881835938, 761.433837890625], [596.8960571289062, 545.434326171875, 694.0808715820312, 622.5674438476562], [620.6034545898438, 314.72662353515625, 925.576416015625, 685.015380859375], [698.6567993164062, 274.2714538574219, 825.3252563476562, 482.1750793457031], [523.7720947265625, 421.0699462890625, 733.9227905273438, 685.9230346679688]], "masks": [{"size": [2048, 1536], "counts": "R^fn0b0Zo1:C:E;H:Ac0@;G9J4M2N3M2M5J6K4L4M3M2N2N3M2M4L5L4K4M2N2N2N2M3N3M3M3M2N2N2N1O2M4M3N2M2N2O1N101N2N3L3N2M3N2O001O0O2O001O1O2N1O1N101N101N1O2N1O1O2O1N102N1N2O1O1N2O000000001O0000001O1O001O2N1O1O1O00001O00001O0000001O001O001O1O1O001O1O001O00001O0000001O0000001O0000001O1O2N1O1O001O1O000001O00000000001O1O1O1O2N1O001O001O000000000000001O1O1O1O2N1O1O1O1O00001O001O1O1O1O1O1O1O1O001O1O001O1O1N3M2N2N2L3N3N1N3N2E;I8F:C<J6J6K4M4M3K5J7F:L4L3N2N2M3N4K8G7I6K4L3N2N3L6K5J7H6L4L2N3M3M3M4L`0ROka_b1"}, {"size": [2048, 1536], "counts": "oaV[1^1Zn1b0B7J6K4L4J8H8F<E;G6L3L3N2N3K5L6I6I7L3M2N2N2N2N3M4K6J6K3M2N2N2N2M3M3M4M3M2N2N101N1O1N3M3N1O2O0O2N2O2M2M4M3L3N3M2O1O0O101O000O2O000O1O001O001N1001O010000000000O100000O10O10O0100O001O1O100O100O100O0100000000000O10000000O10000000000O1000000O100O100O1O10000O100O1000000O100000000O10000000000O10000O10000O100O1O101N1O10000O2O000O2O001O1O1O1N101O000O2O0O1O2N1O1O1O100O100O2N100O1O1O2N2K5G:M2M4M101N100O1O2O0O1N2O1O1O2O1N2N2N3L3N2M3N2N1O2N2M3M3M4L3N2N2N2N3M2N2M4L3N2M3N3M3M3Ha0]OW1gN?F8Gd0[O:H9GS^eU1"}, {"size": [2048, 1536], "counts": "VXXP1]1Zn1d0A7K5K3N2L5K8E<G6K5K3N2N2M2N3L3O2N1O2O0O1O1O0O2O1O100O1O1O001N2O1O100O010O1N2O00100O0010O01O0O101O10O010000O10000O10O01O1O100O100O010000000O100000O1000O100O10O01O100O010000000O100000000000001O0000000000001O00000000001O000000001O0001O0000010O001O010O10O1O100O001O010O001O001O001O1O10O01O10O010O1O10O010O100O010O1O10001O1O0000O001O100O1O1O1O10O01O001O1O001O1N2N2M4K4J7J5L4M3M3L4L4L5J6I6L3N3N2N2M3K6I6N2M3N1O2N2N3K6K4K4N3M2M4M3L8H;D8G9H8I^gQb1"}, {"size": [2048, 1536], "counts": "[dTS1n0mn17K5L4J6G;B`0G7I5M2N2M4L4L4M2N2N2O1O2N2M3N2M2O100O1O2O1N1O001O1O1O1O1O10O01O1O2N1O1O1O0010O01O001O1000O1O100O0010O001O001O1O100O00010O01O0010O001O100O001O0010O000001O00000000010O001O1O1O001O001O000001O0000000000O100000000000000000000000000000000001O3M3M6J3M1O2N2N2N3M3M1O1O2N1O6J6J2N2N001N3N4L4L1O1N2O2M5K7J3L3M2O1O2N2M4M3M1O1N2O2M3M3M2O0O2N2O1N4L3N1M4M2N3MRYea1"}, {"size": [2048, 1536], "counts": "f[f[1:ao18H8G;D<G7K3M3N2M3L5L4K7I7J4L3N2N2M3L5L8G;F9H3M3M3M:E5J5L4K5L3N3M1O1O2M2N2O2M2O100O001O1O0O2O10O010O1O00100O10O010000O10O01O10O01O1O0010O01000O010O10O01O1O1O1O1O1O10O01000O10O0100O10O0100O10000O010000000O1000000000000000O1000O1000000000000000000000000000000000001O00000000000001O01O00000000001O00001O010O1O100O0010O1O100O001O001O01O000010O01O001O010O10000000000O100O001O000010O01O001O001O00001O001O1N3M2N2N3L2O2N2N2M5K6J5I6K5L3M2O2N3M3K6I7H8L2M3N2N2N2M6EjeQV1"}, {"size": [2048, 1536], "counts": "Pffe11no14L2N1O001N2N2O1O2O0O1O1N3M2N2O100O1000000O10000O00100N2O1O1O100N2O0N3O1O001O100O001OO01001O01O1N2N1N3oJ_Nb[Nb1]d1`Na[Na1^d1bN^[N`1ad1bN][N^1dd1cNZ[N^1fd1dNW[N]1id1fNR[N[1od1hNkZNZ1Ve1jNcZNX1^e1jN]ZNX1de1iNYZNX1he1jNTZNW1me1jNPZNX1Pf1jNmYNV1Tf1lNhYNV1Xf1lNeYNU1[f1mNaYNU1_f1QOTYNV1mf1nNhXNX1Xg1nN]XNW1dg1mNSXNV1og1nNgWNW1[h1V31N2O0O1O2M2O1O101N2O1N3N1N2M2N3N1O2N100O2O0O2N3L3N2N2N2N1O2L3N3N2N3M3M2M3M3N2N3L4L3M3N3L5K4M3L3M4L5K4K5L3M8H<_O=E8J8HQ^oQ1"}, {"size": [2048, 1536], "counts": "SXd]1;bo15M2N2O1M3M2N3N100O1O1O1N110O1O1O1O001N2O010O1O001O0100O01O10O01O010O010O0001O010O10O10O1O01000O0010O01O10O0100O0100O10O10000O100O100000000000000O10000000000000000000000000000O100000000000000001O00O2O001O000010O00000000010O0001O0010O00010O01O0010O0100O010O01O0100O100O100O01000000O0010O101N11O0O10O011O00000O0100003L1000O10O2O2N3M0O100O2N4L2N100O2MXg]W1"}, {"size": [2048, 1536], "counts": "lXVP14;0\\20ai1m0YVNVOai1Q1\\VNQObi1R1[VNoNci1U1[VNkNci1[1XVNfNci1g1TVNZN`i1X2YVNiMci1_2XVNbMfi1b2WVN_Mhi1c2VVN^Mii1e2VVNZMhi1i2WVNWMhi1k2WVNUMhi1o2UVNQMji1R3TVNnLli1T3RVNlLmi1V3RVNjLni1X3PVNhLPj1X3PVNhLPj1Y3oUNgLQj1Y3oUNgLQj1Y3oUNgLQj1Z3nUNfLRj1Z3nUNfLRj1Z3nUNfLRj1Z3nUNfLRj1Z3nUNfLRj1Y3oUNgLQj1Y3oUNgLQj1X3PVNhLPj1X3PVNhLPj1W3QVNiLoi1W3QVNiLoi1V3RVNjLni1V3RVNjLni1V3RVNjLni1V3RVNjLni1V3RVNjLni1U3SVNkLmi1U3SVNkLmi1U3SVNkLmi1U3SVNkLmi1T3SVNmLmi1S3SVNmLmi1S3SVNmLmi1R3TVNoLki1Q3TVNPMli1P3TVNPMli1o2TVNRMli1n2TVNRMli1n2TVNRMli1m2UVNSMki1m2UVNSMki1m2UVNSMki1m2UVNSMki1l2VVNTMji1l2VVNTMji1k2WVNUMii1k2VVNVMji1i2VVNXMji1h2TVNZMli1e2SVN]Mmi1c2RVN^Mni1b2QVN_Moi1`2PVNbMPj1^2PVNbMPj1^2PVNbMPj1^2PVNbMPj1^2PVNbMPj1^2PVNbMPj1^2QVNaMoi1_2QVNaMoi1_2QVNaMoi1_2PVNbMPj1^2PVNbMPj1^2PVNbMPj1^2oUNcMQj1\\2PVNdMPj1\\2PVNdMPj1\\2PVNdMPj1\\2PVNdMPj1\\2PVNdMPj1\\2PVNdMPj1\\2PVNdMPj1\\2PVNdMPj1\\2oUNeMQj1[2oUNeMQj1[2oUNeMQj1[2oUNeMQj1[2PVNdMPj1\\2PVNdMPj1\\2PVNdMPj1\\2PVNdMPj1\\2PVNdMPj1\\2PVNdMPj1\\2PVNdMPj1\\2PVNdMPj1\\2PVNdMPj1\\2PVNdMPj1\\2PVNdMPj1\\2PVNdMPj1\\2PVNdMPj1\\2PVNdMPj1\\2PVNdMPj1\\2PVNdMPj1\\2PVNdMPj1]2PVNbMPj1^2RVN`Mni1`2TVN^Mli1b2VVN\\Mji1d2XVNZMhi1f2YVNYMgi1g2YVNYMgi1g2YVNYMgi1h2XVNXMhi1h2YVNWMgi1i2YVNWMgi1j2XVNVMhi1j2XVNVMhi1k2WVNUMii1k2WVNUMii1k2XVNTMhi1m2WVNSMii1n2VVNRMji1o2UVNQMki1o2VVNPMji1Q3UVNoLki1R3TVNnLli1R3TVNnLli1S3SVNmLmi1T3RVNlLni1T3RVNlLni1U3QVNkLoi1V3PVNjLPj1V3PVNjLPj1W3oUNiLQj1W3oUNiLQj1W3oUNiLQj1X3nUNhLRj1X3nUNhLRj1X3nUNhLRj1Y3mUNgLSj1Y3mUNgLSj1Y3mUNgLSj1Z3lUNfLTj1Z3lUNfLTj1Z3lUNfLTj1[3kUNeLUj1[3kUNeLUj1[3kUNeLUj1\\3jUNdLVj1\\3jUNdLVj1]3hUNdLXj1`3dUN`L\\j1c3aUN]L_j1e3_UN[Laj1f3^UNZLbj1g3]UNYLcj1h3[UNYLej1h3ZUNXLfj1h3ZUNXLfj1h3ZUNXLfj1h3ZUNXLfj1h3ZUNXLfj1h3ZUNXLfj1h3ZUNXLfj1h3ZUNXLfj1h3ZUNXLfj1g3[UNYLej1g3[UNYLej1f3\\UNZLdj1d3^UN[Lcj1e3]UN[Lcj1d3^UN\\Lbj1d3^UN\\Lbj1d3^UN\\Lbj1c3aUN[L_j1d3eUNYL[j1f3iUNVLXj1i3jUNVLVj1i3mUNTLTj1k3oUNSLQj1l3QVNRLPj1m3R1M3L4M3M3M3L4L4O1N2M3M3L4M3N2O1O1O1O2M2N2M4N1N3N2N3L5L4K6K4K4M2M4M3LogSb1"}, {"size": [2048, 1536], "counts": "f[d[1:Zo1>I5I6N1O2O2LO211OO0101K41O1O3L2O2O00M022M10O01O2O1K4O21NL5G800N4H72M20N1O0O6HTP21Pgea1"}, {"size": [2048, 1536],