{"labels": [0], "scores": [0.9952294826507568], "bboxes": [[576.0849609375, 325.4535217285156, 929.3605346679688, 780.4086303710938]], "masks": [{"size": [2048, 1323], "counts": "n^VT16go1d0\\Oc0]O7J7H7H9H9E=Ab0\\Oi0ZO:J4M3M3M2N2N2N3M2M5K6I7J7I5L3M2N3M2O1N2N2M4M3L4K6K4L4M2N3M2N2N2N3M2M4L3M3N2N2N2O1N1O2O1N1O2N2N2M4L4L4M2M3N2N2O1O1N2O1O1O1O1O2N2M2O2N1O1O0O2N1O2N2N2M2N3N2N2N2N3M2O1O1O1N101O1O001O001O00001O001N2O1O2N2N2N1O2N1O1O1N101N101N101N2N1O2N2N2N2N3M101N2O1N101O0O2O001N101O00001O001O001O1O001O1O1O1O1O1O1O1O1O001O001O00001O00001O00001O00001O0010O01O001O1O1O10O01O1O0010O01O0100O1O2N1O1O1O100O1O001O000000000000000010O0000000000O100000000O1000000O10001N2N101M3N3M2N3M3M2N2O1N100O1O2N1O1O1O1N2N3M2O1O1O1O2O0O2N101N2N101N3M2N2N2N2N2N2M3M2O2M3M3M2O2M3M2O2N2M3N3L4L3L4L5L2N3N2M3O0O2N2N2N2N3L4L4L4K5L3N2M3N1O2N2N3M2M4I8I7H7J5N3L3N2N2N3M3M4K5K6J7E:E:H7K5L4L3N3L4L5K5J7Eb0]OQa[i0"}]}