{"labels": [0, 0], "scores": [0.9955152869224548, 0.32960590720176697], "bboxes": [[476.0898132324219, 248.27603149414062, 597.318115234375, 374.83551025390625], [340.76904296875, 225.55752563476562, 383.44256591796875, 285.604736328125]], "masks": [{"size": [681, 1024], "counts": "ojl9U1Sd04L2N3J7J4N2N2M4J8K2N1O2M4M2N2N2N3M2N2N1O2N2N2N101M2O1O2O1O1O1O001N10000O2O0O2N2O001O000000001N10_Md^OU1\\a0hNh^OW1Xa0hNj^OX1Ua0gNl^OZ1Sa0fNn^OY1Ra0gNn^OZ1Qa0eNQ_OZ1o`0fNS_OX1m`0hNT_OoNGo1Ua0ROU_OmNIo1Ra0SOa_Om0^`0QOe_On0[`0ROg_Ol0Y`0SOi_Ol0W`0TOi_Ol0W`0TOi_Ol0W`0SOj_Om0V`0SOk_Ol0U`0SOl_Om0T`0ROm_On0S`0QOn_Oo0R`0QOn_Oo0R`0POP@o0P`0POQ@P1o?oNQ@R1o?mNR@S1n?lNS@T1n?jNS@V1m?iNT@W1l?hNU@X1k?gNV@Y1j?fNW@Z1j?dNV@]1m?[NW@e1Xa0?K5J6L3N20010O0O10O1001OO10001O1O1O1N200O1N3M2O2N2K5M3M3N4J7H5M3N4Jc0WOfem8"}, {"size": [681, 1024], "counts": "cPS7f0`d05K5L4M2N2M3O1M201N2N101O1N2N101O001O000O1000O1O1O1N2N2N2M3N2N2N2M3M3M3M3M3L4N3L3KZRZ="}]}