{"labels": [0, 0], "scores": [0.9968583583831787, 0.29274147748947144], "bboxes": [[338.0369873046875, 83.04712677001953, 499.1841735839844, 250.6543731689453], [614.9471435546875, 788.468994140625, 654.3569946289062, 812.733154296875]], "masks": [{"size": [1024, 686], "counts": "aTb:W1hn05J3O1M4J5K;G4M2M3M3L7J6K2O0O2N2M4M3M2N2N2N2M3N2O1N2N2M3N4M2M2N3M2N2N2N2N2O00000O10000O1O2N1O1O1000000000001O0O100O1O1O100O10000O1000000000000000000000000000000000000000000000000001O0000001N2O1O001N101N1O100O1O101O001O001O1N2O0O1O2M2O10001O0O2O1O1O1N1N3N1O2O0O2N3M2M3N101N2N3L3N2N1O2O1M5K3N2N2N3M5H7J4N2N2N2N8C;H5L2O2N3K\\kj5"}, {"size": [1024, 686], "counts": "ViWc02mo03N0O2O1N1000000O1000000O10O10O1O001O100O001O1O00100O000001O1O1000002N2N2N2NSWo0"}]}