{"labels": [0, 0, 0], "scores": [0.9927812218666077, 0.5564016699790955, 0.5539506077766418], "bboxes": [[347.1430358886719, 14.122092247009277, 482.4794006347656, 118.2715072631836], [578.1563110351562, 323.2632751464844, 704.4508666992188, 521.5011596679688], [38.08671951293945, 448.2494201660156, 83.55181884765625, 529.7138671875]], "masks": [{"size": [1024, 776], "counts": "kPk:c0Wo0=G4N3L4K;F3N1O1O3M5J3N001O2N3M1O1O1O2N10O01O1O1O1O1O1O1O001O001O1O001O001O1O1O001O00001O00001O1O00001O000000001O001O001O000000O10000000000O100O100000000O10000O1O100O10000O100O1O100O10000O100O1O1O100O1O1O1O2O0O1O1O100O1O1O1N3N1O1O1O1O1O1O1N2M3O1O100O2K4O1O1O2M2M4M3N2N[oU9"}, {"size": [1024, 776], "counts": "Y[Vb03_o0_2lMa0A9STOjL^j0f3oTOjLdj0]4L4L2N2N2N2M3O1N2O1O001O000O10001O000000001O000O2O00100O001O000O101O01O000000001O00000000001O001O001O1O001O001O00000000001O000000001N2O1O1N2O1O00010O0O101O0O2O1O1O1O1O001O00001O10001N10OO2O2N1N3N100O100O2N3L6K2M2N3L7I6K2M4L4K<D6K4M4JUcW2"}, {"size": [1024, 776], "counts": "W^V1?_o08I9G8I5K5K5K4K5L3L2O2N3M3M00001N10000000001O0010O00000000000000000O1O101M3N1O2N2M3ETRO[NRn0^1>Ci0POhace0"}]}