{"labels": [0, 0, 0], "scores": [0.9974750876426697, 0.7454420328140259, 0.054452985525131226], "bboxes": [[247.12069702148438, 29.639556884765625, 535.2316284179688, 380.32208251953125], [262.3520812988281, 729.5419921875, 476.6040344238281, 976.2162475585938], [221.4084014892578, 597.2035522460938, 347.6324157714844, 729.009765625]], "masks": [{"size": [1024, 683], "counts": "PUg7Q2lm07J5L3M3M2N3L3M5H8G<F<E6K4L3N2N2M4L3L5J;E;G4M2M3N2O1M3N2M3L5L6J5K4L4M2N3M2N3N2M3M4M3L2O2M101N2M3N2M3N2N3M3M2O1N2O1N2N1N4M2M4L4M3M2N2O00001O0O10001O0000001N101M3N3L4M2M3N2N2O0000001N10000000001O00001O1N101O2N1N2O1O1N1O2N1O1N2O100O1O2O0O1000000000000000000000000000000000000000000000O1000000O1000000O100O1O1O1O100O1O100O10000O1000000O100000000O100000000O10000O2O0O2N2N3L4M2N2N2O1N2O0O1000000O10000O100O1O1O1O1N2O2N1O1O100O101N2N2N2M4L4M2N2N2N100O1O1O2N1N2N2O1N2O101N1O2N3M3M3M2M3M3N2N101N2N1O3L3N2L5M2N2N2N2N1O2N2M3M3M3M3N2N2O2M2N3M3L5L4I5M4K4N1O2M3N2M3L5J;E;G4L3M3N2N2N2N3L4Hokc4"}, {"size": [1024, 683], "counts": "VjW8P1fn0c0D9H7H8G:C:_Ob0J6K7I3M2M2O2J5K6N1O2N1O2N2N1M4J6L3O2N1O1O2N1O1O2N1O1O1O101N10000O2O0O101N1N3N2M3O1N2O00001O00001N100000000000001O000O100O101N1O1O100O1O10000O010000001O0000000000000000O1000000000000000000001OO10000O1000000O11O0000000000000000O100O100O1000000001O00000000O1O1O1O1O100O10001O001O1O1O10OO2O1N1O101N1O100O2O0O100O101N101O2M2O1O1O1N2O001O1O2N2M2O001O1N2O1N3M3M2N2O0O2O1O2N3M1O1O1O1O2M5L6I4LeUOWLch0e3nVO[LQO5Qj0^3iVOhLnNNYj0X3hVOnLlNL]j0S3kVOlLkNO^j0Q3kVOjLkN4^j0m2WWOPMUi0c2nVO\\M]i0W2gVOfMUj0\\1j2\\O7XOZU`6"}, {"size": [1024, 683], "counts": "_dP77co07L9G6L2MO1L311000O1O10000O0000M4O11O001O01O0O1M2M5M2100O10O0100O1O0cQOMol03nRO1Qm0OnRO8kl0JSSO:jl0GoROa0ol0AnROa0Pm0IeRO:Ym0V1001O0N31O2N1O1N2OO1N1H8O20O10001O0000O100O1001N2O001ON2O1N2O1001O1O1O1OOlSOgMcj0X2VUOUNfj0i1ZUOXNfj0g1ZUO[Nej0e1ZUO\\Nfj0e1YUO[Ngj0f1XUOYNjj0f1UUO[Nlj0d1SUO]Nmj0c1RUO\\NQk0c1lTO_NVk0`1iTO`NXk0`1gTO`NZk0`1fTO_N\\k0`1dTO_N^k0`1bTO`N_k0_1aTO`Nak0_1^TOaNck0_1\\TObNek0]1VTOgNlk0X1RTOiNPl0V1nSOkNTl0T1kSOmNVl0S1dSOQO]l0Q1`SOnNcl0S1ZSOlNil0T1USOlNml0T1RSOkNPm0U1nROkNUm0n12O1N2N4J4M3N2N3M4K4M2L6I;C:E9Ik[`:"}]}