{"labels": [0, 0, 0, 0, 0, 0, 0, 0, 0, 0, 0, 0, 0, 0, 0, 0, 0], "scores": [0.9983102083206177, 0.998304009437561, 0.9978981018066406, 0.9975693821907043, 0.9973938465118408, 0.9535779356956482, 0.8846238255500793, 0.7571136355400085, 0.40882936120033264, 0.279554158449173, 0.2596457004547119, 0.1865999698638916, 0.15851999819278717, 0.08788083493709564, 0.08578947931528091, 0.07000064849853516, 0.06666561216115952], "bboxes": [[267.10589599609375, 76.1047592163086, 550.9103393554688, 441.422607421875], [399.3919982910156, 355.6396179199219, 696.885986328125, 697.6646118164062], [494.6743469238281, 225.4947967529297, 729.9052734375, 457.199462890625], [137.44273376464844, 450.90875244140625, 412.9559326171875, 795.1265258789062], [65.61582946777344, 227.75892639160156, 332.7536926269531, 508.14715576171875], [306.8829040527344, 375.12884521484375, 417.2997131347656, 519.2627563476562], [54.545204162597656, 954.2575073242188, 113.99278259277344, 1002.8143310546875], [30.03252410888672, 399.1617431640625, 67.54088592529297, 444.7444152832031], [551.7606811523438, 795.4247436523438, 766.31103515625, 1024.0], [2.958453416824341, 896.8775024414062, 119.52703857421875, 958.719970703125], [180.5213165283203, 807.247802734375, 285.5888366699219, 872.93310546875], [0.23824815452098846, 812.6642456054688, 9.345518112182617, 880.7421264648438], [628.0164794921875, 679.8652954101562, 765.5452270507812, 819.4895629882812], [277.5299377441406, 985.2158813476562, 348.0735778808594, 1021.6688232421875], [314.79803466796875, 364.03900146484375, 349.9665222167969, 407.6359558105469], [25.231670379638672, 873.9788208007812, 47.201698303222656, 900.1304931640625], [395.4382629394531, 202.28329467773438, 677.2410888671875, 445.64886474609375]], "masks": [{"size": [1024, 768], "counts": "PW[8g0ln0f0D6K4L4L3N3K5K6H:^Od0D=F4L4M2N2N2M3N3I7E>I6J6K3M2N3N1N2N3L4L5K4L4M2N3M101N2M3N3L4L4L4M2N2N2O1N2N2N3M4K5K5L3L4N2M2O1O1O1O2N1N2O1O2N1O1N2N3M2N2M3M3M3N2N2O1O1O2N001N2O1O001O001O0O2O1N2N2O2M2N2N3M1O2N1O2O0O2O1N101O0O2O1O1O1O1O1O1O1O1O001O000000001O000000001O000000001O000000001O0000O10000000000O1000000O100O100O10000O1O1O1O1N2N2N2N2O1N2O1O1O1N2O1O1O1O1O1O100O1O2N1O1N3N1N3O0O2N101N3N1N2N2O1N1N3N1N3N100O1O100O10000O100O2O0O2N2N2N2N3L3N3M2N101N100000001O0O1000001N1O2O1M3N2M3M4M2N2N2O0O2N1O2N1O2M2M4L3N3M4L3L5K5J5L4L4N2N2N2N2N2N3L9G9F4M4M2M3N1O2N3M2M4I;C=G6K3N2N2N3M2M4L5H[jh6"}, {"size": [1024, 768], "counts": "i_`<l0mn0=E9I6J4M3L5I7I7E=[OQ1\\O<F4K4N3L3N2N2M4L5K9G7I4L3N2N2O1N1O2O2M2M5L2M4M2N2N2N1O2N2M4L4K5M2M3N2O1N2O1N2N2N4K5K5L4L3M2N2O1N2O1O2N2M3N2N2M2O1O1N2N1O2M3N2N2N2O1N2O1N101O00001O00001O000O2O000O101N1O2N1O2N1O2N1O2O1O0O2O00001N10001O00000000000000O1000000000000O10000O10000O100O1O100O100O10000O10000O100000000O100000000O100O100O1O1O1O1O1O1O10000O10000O10000O10000O100O100O1O1O1O1O1O1O100O100O10000O10000O2O0O2O0O2N1O2N2M3N2O1N2O000O2O001N1000001N100O1O1O1N2N2O1O1O1O2O1N2O1N2O2M3M2N2N1O2N2N2O1N2N2O2N2M2O1N2O001N2N2N3L4L3M4L3N2N1O2N2N2N2L5K5J6J6M2N2N2N2N2N2N5J8H6H6L3M3M3N2N2M3M3M4J:E;E8J5K5M2M3N3L5L5I8BWaV2"}, {"size": [1024, 768], "counts": "iZm?4io07J3M3M3M2O2N1O1N2M3M3M3O1O2N1O1O1N2N2N2O1O1O100N2N2M3K5L4M3O1O1N2N2M3H8M3N2N2N1O3L3L4K5L4N2N2O1O1O010O100O0100000O100O101N1O1O1O10000O100000O01000001O000000001O000000001O000000001O00001O1O001O1O00001O00000000001O00001O001O001O1O1O1O1O001O0010O01O010O1001OO10000O001O1O101N1O1O1O001O100O10000O11OO100O100O3M3N1N1O1O100O101O2N6J1O000O011O002M4N1N000O01O1O010O1O001O1O1N2N3M3L4L4M2O1N2N2N2L5J6J6L3M3N2N2M5K5J7G8H7L3N3M2N3L4K;@f0XO>F:G8H7CbeX1"}, {"size": [1024, 768], "counts": "gaY4f1mm0i0A6K5L2N3L3N3K5J7G9J6J4N3L3N1O2N2M4L4M7I5K4L2N3M2N2N2M3N4L3M3M3N1N2N2O0O3L3M4L4M2N3M1O2N2O1N2M3N3L4L4M2N2N2O001N2O1N3N2N1N2O1N2N1O2N1N3N2O0O2N2O1O1N2O1O1O1O1O1O001O001N2N2O1N2N3M2M3N2N101N101O0O101O001N101O1O1O2N1O1O001O1O001O00001O001O1O1O1O1O1O1O1O001O00001O00001O00001O00001O001O001O1O001O1O1O1O001O00001O00000000001O000000000000000000000000O2O00001O0O2O001O0O3M2N2N2M3N1O2O0O2N100O1O100N2O1N3N1N2O101N2N2M3M4L4L3N2N1O2N1O2N1O1N3M2N2O2N1O2N2N3M2M4K4K4M4L4N1N3N2N2N3L4M3K4M3M3N1O2N2N2M4L4L4L3M3N2N2N2N2N2M4K5J6J6K4N2M3N2N2N3L8H9B:F9M3L3N2N3M3M5J6J]^R;"}, {"size": [1024, 768], "counts": "fYR2j1Rn09I5K3N3M2N3L5K7I?A6K5K3M2O1N3M2N4K5K5L3M3M3M2O1N2N3M3L4L5L2N2N2N101N2M3M4M3M2N2N2O0O2N2N2M3N3M2N2O1N2O1N1O2N2N2M4M2N2N2N101O001O1O1O1O2N1O1N2O0O2O2M2M4M3M2N2N2O00001O0O2O001O1O001O00001O00000000000000O1O1O1O100O1O10000O1O1O1N2N2N2O1O1O1O1O1N2O1O100O1O100O100O1O1O1O1N2O100O100O10000O10000O10000O1O1O1O1O1O100O100O10000000001O0000001O001O2M2O1O1O1O0O101O0O10000O1O100O101N101N2O2N1N2O1O1O001O1N2O2N3M3M2N1O1O2N1O2N3M4L9G2N1O1O1O1O1O2N5K7I3M3M1O2N1O1O2N2N3L3N2N1O1O0O2N2N2N3L9H5K2N2N2N2N2N2N2J8C=E;J5K5L3N2N3L4K9D^dl="}, {"size": [1024, 768], "counts": "V]f99ao0:I4M3L4K5M3N2N2N3N2N101O1N1O1O1O2N10000O100O1N2O001O1N2O1O001O001O001O1O10O10O10000O10O010O100000O1001N100O02N100O1001O000O01O1O00100O100O100O100O1O1O2O1N1O1O100O1O101N1OO2L3L4N2K5J6L4M4K4I7I7K5L4K5L5L3M4G9KbbP;"}, {"size": [1024, 768], "counts": "Xng19fo03M4L3M3M2N4L2N2O1N3N1O0O2O1O0O2O001O1N10001O00001O000000000000000000000000O100O100O101M200O100N3M2O1M3N3L5L4H8JoQ_d0"}, {"size": [1024, 768], "counts": "o\\n09eo07I5K4M3L3N2N2N2N101N2O1O0O2O001O000000O100O2O0O1O101N101N2N2M3N2M4K5L4HYcle0"}, {"size": [1024, 768], "counts": "RnXa0l0Ro06J4M2N1O2K4_Ob0G8M4M2O1O2M3L4^Ob0L4N2N2N1O1M3L4F:N2O2O0O1O1N3I6K6N2N2O1N1O2M2N2O2N1O1O1O2N1M3M3M3O1O2N01000O10000O100O1O1N3N1O100O2O0O1O1O001O1O1O100O1000000O01000O100O1O1O1O1O10001N101O1O001O1O000O2O0000001O000O10000O1O1O10000O10000000000O100000000O10O100000001O000000000000001O0O1000001O1O001O010O00001N10000000000000001O00000000000O10000O10001O001O1O1O1O1O001O000000001O0000001O00001O1O001O1O1O1O010O00001N2O1N2N3M2O1N2O1N2M6FSV1"}, {"size": [1024, 768], "counts": "]l3m0Ro03N1O000O100O101N101N10001O0O2O0O2O0O100000000000000O2O0000000O2bQOaNYn0c101O00001O000000O10000IhQOfNWn0[1jQOdNVn0[1kQOdNVn0\\1kQOcNUn0Z1nQOfNRn0Z1nQOfNRn0Y1oQOgNPn0Z1PROfNPn0Z1PROfNPn0Z1QROeNom0[1QROeNom0[1QROeNom0[1QROeNPn0Z1PROfNPn0Z1PROfNPn0[1oQOeNQn0[1:0eQOeNQn0[1nQOfNRn0Z1nQOgNQn0Y1iQOeN32Un0[1kQOeNUn0[1kQOfNTn0[1jQOfNVn0Z1jQOgNUn0Y1kQOgNUn0Y1iQOiNWn0W1iQOiNWn0`100000O1O1001O000000HkQObNYn0Y19A`QOXOfn0e0<01O0000RQOZObn0i0ZQOXOfn0i0XQOXOhn0P100ZQOoN^n0Q1`QOPO`n0P1_QORO`n0P1]QOQOcn0W10E`QOTO`n0k0aQOTO`n0k0bQOTO_n0i0cQOVOLN\\n0l0hQOVOLO\\n0k0gQOVOMO\\n0k0gQOWOLN^n0k0eQOXOLM_n0l0cQOYOLLbn0k0aQO^O^n0d0_QO]Obn0Q1O01N2O0O2O0A]QO]Oln00UTWd0"}, {"size": [1024, 768], "counts": "fie54ko01O1O2N101N1N201N101N1O2O000O2O001N101O1O0O101O0O101O001O001O1O0000001O001O001O010O1O00010O0010O0010O1O001O01O010O010O01O10O010O010O010O010O010O0010O10O0010O0010O10O00010O010O010000O010O2N100O3N000O2N4L2N1N9EYUQ?"}, {"size": [1024, 768], "counts": "Qk0`0lm0d100001O1N5L:F:GhUfg0"}, {"size": [1024, 768], "counts": "Zedc0`0_o03eSO@Qi0c0jVOAUi0e0cVO]O]i0k0XVOXOhi0^1`UOdN`j0^1\\UOdNdj0^1YUOcNhj0b1QUO^NQk0f1hTO[NZk0j1[TOXNik0i1QTOXNSl0h1kSOVNXl0l1dSOTN^l0f2100O10100100N010O101O00O2O0O6J2N2N1O1O1O1O1O00001O0O2O00000000001O1O001O1N100001O0001N2O001O00000000010O00001N106J0010O01O001O00001O0QNTROj1Qn001O00001O001O001O0000101N2N2N1000O1O010O0000010O0O1000001O01O003M2N1O1N2O0O2N10100O4L10O2N3M1O1O01O1N3N2M4L4GjW2"}, {"size": [1024, 768], "counts": "fof88go01M3O1M3N2O1N2O1O100O00100O1O2O0O1O1O1O100O1O100O10000O10000000000000000001O0000001O1O001O001O1O1O1O0O2O1O1O00001O001O1O001O1O1O1M202JePU="}, {"size": [1024, 768], "counts": "o[m9=^o07E:N2O100000O2N101O0O2O0O2N2N1O2O0O1O1O1O1O0O2O1O1O1O1O1N3M3M_cR="}, {"size": [1024, 768], "counts": "`kk0493Ro00iPO3Wo0;00000000O001O100O10000001O3M4L5J6KST`f0"}, {"size": [1024, 768],