{"lr": 4.754509018036072e-05, "data_time": 0.9410983324050903, "loss": 10.787933301925658, "loss_rpn_cls": 0.053240928892046215, "loss_rpn_bbox": 0.014731653593480587, "loss_cls": 0.7914645910263062, "acc": 43.9453125, "loss_bbox": 0.3403536409139633, "loss_mask": 9.588142466545104, "time": 7.541839933395385, "epoch": 1, "iter": 10, "memory": 3275, "step": 10}
{"lr": 9.759519038076152e-05, "data_time": 0.4713905930519104, "loss": 6.8869588553905485, "loss_rpn_cls": 0.04534451063955203, "loss_rpn_bbox": 0.012351051566656678, "loss_cls": 0.687482038140297, "acc": 92.3828125, "loss_bbox": 0.2814902987331152, "loss_mask": 5.860290935635566, "time": 5.653324210643769, "epoch": 1, "iter": 20, "memory": 3158, "step": 20}
{"lr": 0.00014764529058116228, "data_time": 0.3148059686024984, "loss": 5.027359465758006, "loss_rpn_cls": 0.06203025080418835, "loss_rpn_bbox": 0.015239289434005817, "loss_cls": 0.582953221599261, "acc": 96.2890625, "loss_bbox": 0.298651738713185, "loss_mask": 4.068484955529372, "time": 5.451330582300822, "epoch": 1, "iter": 30, "memory": 3275, "step": 30}
{"lr": 0.00020270040080160322, "data_time": 0.23184627439917588, "loss": 3.9420812864129138, "loss_rpn_cls": 0.05470279237914195, "loss_rpn_bbox": 0.014819992791361562, "loss_cls": 0.5030183988373454, "acc": 97.16796875, "loss_bbox": 0.32224113730395715, "loss_mask": 3.0472989587522132, "time": 5.192889137965877, "epoch": 2, "iter": 41, "memory": 2977, "step": 41}
{"lr": 0.00025275050100200403, "data_time": 0.002510280609130859, "loss": 3.0401130706071853, "loss_rpn_cls": 0.053728710538707675, "loss_rpn_bbox": 0.014903115923516452, "loss_cls": 0.45051650404930116, "acc": 82.8125, "loss_bbox": 0.3346421962976456, "loss_mask": 2.1863225485384463, "time": 5.047261929512024, "epoch": 2, "iter": 51, "memory": 3274, "step": 51}
{"lr": 0.00030280060120240474, "data_time": 0.002456245422363281, "loss": 1.3727553349733352, "loss_rpn_cls": 0.04744621983729303, "loss_rpn_bbox": 0.015759031148627402, "loss_cls": 0.34182826429605484, "acc": 85.44921875, "loss_bbox": 0.35426237136125566, "loss_mask": 0.6134594479203224, "time": 4.841941666603089, "epoch": 2, "iter": 61, "memory": 3447, "step": 61}
{"lr": 0.00035785571142284557, "data_time": 0.0034222126007080076, "loss": 0.9982428157329559, "loss_rpn_cls": 0.04343988970853388, "loss_rpn_bbox": 0.016474749356275423, "loss_cls": 0.2795516636967659, "acc": 88.0859375, "loss_bbox": 0.40520948961377146, "loss_mask": 0.2535670219361782, "time": 5.396124067306519, "epoch": 3, "iter": 72, "memory": 3447, "step": 72}
{"lr": 0.00040790581162324644, "data_time": 0.0026791954040527345, "loss": 0.8901226449012757, "loss_rpn_cls": 0.030179164968430996, "loss_rpn_bbox": 0.01562908689957112, "loss_cls": 0.2511048075556755, "acc": 96.2890625, "loss_bbox": 0.4122557654976845, "loss_mask": 0.18095381669700145, "time": 6.053908677101135, "epoch": 3, "iter": 82, "memory": 3374, "step": 82}
{"lr": 0.00045795591182364736, "data_time": 0.0026709890365600587, "loss": 0.8144172006845474, "loss_rpn_cls": 0.02530173667240888, "loss_rpn_bbox": 0.01479169211583212, "loss_cls": 0.22581689491868018, "acc": 93.359375, "loss_bbox": 0.3982176403701305, "loss_mask": 0.15028923481702805, "time": 6.1844470405578615, "epoch": 3, "iter": 92, "memory": 3275, "step": 92}
{"coco/bbox_mAP": 0.615, "coco/bbox_mAP_50": 0.781, "coco/bbox_mAP_75": 0.765, "coco/bbox_mAP_s": 0.134, "coco/bbox_mAP_m": 0.48, "coco/bbox_mAP_l": 0.699, "coco/segm_mAP": 0.708, "coco/segm_mAP_50": 0.775, "coco/segm_mAP_75": 0.769, "coco/segm_mAP_s": 0.088, "coco/segm_mAP_m": 0.525, "coco/segm_mAP_l": 0.802, "data_time": 0.8066020011901855, "time": 9.593692651161781, "step": 3}
{"lr": 0.0005130110220440883, "data_time": 0.0032835865020751955, "loss": 0.7703968691825867, "loss_rpn_cls": 0.022522440529428422, "loss_rpn_bbox": 0.01459163643186912, "loss_cls": 0.207096104323864, "acc": 88.37890625, "loss_bbox": 0.40096119299530986, "loss_mask": 0.12522549211978912, "time": 5.80286009311676, "epoch": 4, "iter": 103, "memory": 3089, "step": 103}
{"lr": 0.0005630611222444892, "data_time": 0.0024382734298706056, "loss": 0.6581225544214249, "loss_rpn_cls": 0.02140818572603166, "loss_rpn_bbox": 0.012183020871598274, "loss_cls": 0.1701177839934826, "acc": 98.92578125, "loss_bbox": 0.35062121286988257, "loss_mask": 0.10379234962165355, "time": 5.807699780464173, "epoch": 4, "iter": 113, "memory": 3574, "step": 113}
{"lr": 0.0006131112224448897, "data_time": 0.0038277721405029297, "loss": 0.6166260799765587, "loss_rpn_cls": 0.021160394540056585, "loss_rpn_bbox": 0.012444001458352432, "loss_cls": 0.15014543808996678, "acc": 94.140625, "loss_bbox": 0.32562333591282366, "loss_mask": 0.10725290969014167, "time": 5.319037008285522, "epoch": 4, "iter": 123, "memory": 3275, "step": 123}
{"lr": 0.0006681663326653307, "data_time": 0.0048164987564086915, "loss": 0.5504869866371155, "loss_rpn_cls": 0.018593809156736824, "loss_rpn_bbox": 0.011530184347648173, "loss_cls": 0.1321669225767255, "acc": 99.4140625, "loss_bbox": 0.2865847972035408, "loss_mask": 0.10161127403378487, "time": 4.799226627349854, "epoch": 5, "iter": 134, "memory": 3274, "step": 134}
{"lr": 0.0007182164328657314, "data_time": 0.004337196350097656, "loss": 0.48125156611204145, "loss_rpn_cls": 0.015039642608317081, "loss_rpn_bbox": 0.01094342184951529, "loss_cls": 0.11831366147845984, "acc": 93.359375, "loss_bbox": 0.24533259838819504, "loss_mask": 0.0916222409158945, "time": 5.102547864913941, "epoch": 5, "iter": 144, "memory": 3124, "step": 144}
{"lr": 0.000768266533066132, "data_time": 0.004280333518981934, "loss": 0.4164463073015213, "loss_rpn_cls": 0.014741974362696055, "loss_rpn_bbox": 0.010835771840065718, "loss_cls": 0.101913652010262, "acc": 93.65234375, "loss_bbox": 0.1959838905930519, "loss_mask": 0.09297101907432079, "time": 5.707238869667053, "epoch": 5, "iter": 154, "memory": 3275, "step": 154}
{"lr": 0.000823321643286573, "data_time": 0.004685697555541993, "loss": 0.39777362227439883, "loss_rpn_cls": 0.012906229464206262, "loss_rpn_bbox": 0.011239902437664569, "loss_cls": 0.09982422757893801, "acc": 98.828125, "loss_bbox": 0.17682857498526572, "loss_mask": 0.0969746881723404, "time": 5.397944865226745, "epoch": 6, "iter": 165, "memory": 3275, "step": 165}
{"lr": 0.0008733717434869738, "data_time": 0.003967442512512207, "loss": 0.3081696853041649, "loss_rpn_cls": 0.010759647484737797, "loss_rpn_bbox": 0.009386227843351662, "loss_cls": 0.07998930249363184, "acc": 98.6328125, "loss_bbox": 0.12611095976084472, "loss_mask": 0.08192354761064052, "time": 4.9203395700454715, "epoch": 6, "iter": 175, "memory": 3275, "step": 175}
{"lr": 0.0009234218436873743, "data_time": 0.004041600227355957, "loss": 0.31570633232593537, "loss_rpn_cls": 0.011148662226551096, "loss_rpn_bbox": 0.010371921737678348, "loss_cls": 0.08425918612629175, "acc": 98.2421875, "loss_bbox": 0.12387737404555083, "loss_mask": 0.08604918703436852, "time": 4.1820152425765995, "epoch": 6, "iter": 185, "memory": 3368, "step": 185}
