{"lr": 4.754509018036072e-05, "data_time": 0.7942127227783203, "loss": 7.598945260047913, "loss_rpn_cls": 0.10056220520054922, "loss_rpn_bbox": 0.010690776573028415, "loss_cls": 0.5334914445877075, "acc": 94.7265625, "loss_bbox": 0.21562126651406288, "loss_mask": 6.738579559326172, "time": 1.6808037757873535, "epoch": 1, "iter": 10, "memory": 3127, "step": 10}
{"lr": 9.759519038076152e-05, "data_time": 0.3978073954582214, "loss": 5.23682746887207, "loss_rpn_cls": 0.06891514269518666, "loss_rpn_bbox": 0.011314015492098406, "loss_cls": 0.5078063815832138, "acc": 85.05859375, "loss_bbox": 0.2961593758314848, "loss_mask": 4.35263255238533, "time": 1.0107363224029542, "epoch": 1, "iter": 20, "memory": 3425, "step": 20}
{"lr": 0.00014764529058116228, "data_time": 0.265870992342631, "loss": 3.908200055360794, "loss_rpn_cls": 0.05516973431028115, "loss_rpn_bbox": 0.01290442941438717, "loss_cls": 0.45275069773197174, "acc": 81.15234375, "loss_bbox": 0.33391859059532486, "loss_mask": 3.053456610441208, "time": 0.7720569133758545, "epoch": 1, "iter": 30, "memory": 3021, "step": 30}
{"lr": 0.00020270040080160322, "data_time": 0.1958207211843351, "loss": 3.1203520094476094, "loss_rpn_cls": 0.0508208715778537, "loss_rpn_bbox": 0.013747423053889467, "loss_cls": 0.41251384848501627, "acc": 90.52734375, "loss_bbox": 0.3622530104547012, "loss_mask": 2.2810168597029477, "time": 0.6356711620237769, "epoch": 2, "iter": 41, "memory": 3278, "step": 41}
{"lr": 0.00025275050100200403, "data_time": 0.002373671531677246, "loss": 2.4329256862401962, "loss_rpn_cls": 0.03095167085819412, "loss_rpn_bbox": 0.013242820209125056, "loss_cls": 0.3749706181883812, "acc": 91.2109375, "loss_bbox": 0.36339793369174006, "loss_mask": 1.6503626450151205, "time": 0.27428391456604007, "epoch": 2, "iter": 51, "memory": 2982, "step": 51}
{"lr": 0.00030280060120240474, "data_time": 0.0024718093872070314, "loss": 1.187186506986618, "loss_rpn_cls": 0.026914735089230816, "loss_rpn_bbox": 0.013642244844231755, "loss_cls": 0.3082959461212158, "acc": 96.77734375, "loss_bbox": 0.3862039913237095, "loss_mask": 0.452129597812891, "time": 0.2592161703109741, "epoch": 2, "iter": 61, "memory": 3445, "step": 61}
{"lr": 0.00035785571142284557, "data_time": 0.0034811210632324217, "loss": 0.8611419624090195, "loss_rpn_cls": 0.024764755691576282, "loss_rpn_bbox": 0.01362329007126391, "loss_cls": 0.25143239706754683, "acc": 77.63671875, "loss_bbox": 0.3732166190445423, "loss_mask": 0.19810490779578685, "time": 0.23371389389038086, "epoch": 3, "iter": 72, "memory": 3277, "step": 72}
{"lr": 0.00040790581162324644, "data_time": 0.0029528522491455078, "loss": 0.7666140651702881, "loss_rpn_cls": 0.02047281126579037, "loss_rpn_bbox": 0.01307593382545747, "loss_cls": 0.221535532027483, "acc": 95.3125, "loss_bbox": 0.3739835172891617, "loss_mask": 0.13754627332091332, "time": 0.2066101312637329, "epoch": 3, "iter": 82, "memory": 3056, "step": 82}
{"lr": 0.00045795591182364736, "data_time": 0.002984375953674316, "loss": 0.6739744651317596, "loss_rpn_cls": 0.017046704296953975, "loss_rpn_bbox": 0.012103696406120435, "loss_cls": 0.18502052441239358, "acc": 95.3125, "loss_bbox": 0.33845084249973295, "loss_mask": 0.12135270170867443, "time": 0.19544142723083496, "epoch": 3, "iter": 92, "memory": 3576, "step": 92}
{"coco/bbox_mAP": 0.681, "coco/bbox_mAP_50": 0.842, "coco/bbox_mAP_75": 0.833, "coco/bbox_mAP_s": 0.021, "coco/bbox_mAP_m": 0.512, "coco/bbox_mAP_l": 0.759, "coco/segm_mAP": 0.77, "coco/segm_mAP_50": 0.842, "coco/segm_mAP_75": 0.829, "coco/segm_mAP_s": 0.025, "coco/segm_mAP_m": 0.599, "coco/segm_mAP_l": 0.849, "data_time": 0.5113557302034818, "time": 0.85858704493596, "step": 3}
{"lr": 0.0005130110220440883, "data_time": 0.004035820960998535, "loss": 0.6371287727355956, "loss_rpn_cls": 0.017227368117310106, "loss_rpn_bbox": 0.012376486494904384, "loss_cls": 0.1647038272023201, "acc": 98.046875, "loss_bbox": 0.3290735600888729, "loss_mask": 0.11374753192067147, "time": 0.20370083808898926, "epoch": 4, "iter": 103, "memory": 3029, "step": 103}
{"lr": 0.0005630611222444892, "data_time": 0.0031248903274536132, "loss": 0.5831693306565284, "loss_rpn_cls": 0.01704026166262338, "loss_rpn_bbox": 0.011774557039607315, "loss_cls": 0.14527553804218768, "acc": 99.21875, "loss_bbox": 0.30353574886918067, "loss_mask": 0.10554322816431522, "time": 0.19515910625457764, "epoch": 4, "iter": 113, "memory": 3445, "step": 113}
{"lr": 0.0006131112224448897, "data_time": 0.0031453418731689454, "loss": 0.5133782148361206, "loss_rpn_cls": 0.014837757373752538, "loss_rpn_bbox": 0.010097537722904235, "loss_cls": 0.12290608055889607, "acc": 95.21484375, "loss_bbox": 0.269930357336998, "loss_mask": 0.09560648038983345, "time": 0.19154129981994628, "epoch": 4, "iter": 123, "memory": 3154, "step": 123}
{"lr": 0.0006681663326653307, "data_time": 0.0036846256256103517, "loss": 0.4473786550760269, "loss_rpn_cls": 0.01483407313353382, "loss_rpn_bbox": 0.009511515086051076, "loss_cls": 0.1077901604026556, "acc": 96.484375, "loss_bbox": 0.22073407523334027, "loss_mask": 0.09450882930308581, "time": 0.1884803581237793, "epoch": 5, "iter": 134, "memory": 3445, "step": 134}
{"lr": 0.0007182164328657314, "data_time": 0.0026720905303955077, "loss": 0.4318886812031269, "loss_rpn_cls": 0.014365933750523254, "loss_rpn_bbox": 0.011444081368390471, "loss_cls": 0.10598466150462628, "acc": 95.41015625, "loss_bbox": 0.20227175571024417, "loss_mask": 0.09782224785536528, "time": 0.18489259243011474, "epoch": 5, "iter": 144, "memory": 3278, "step": 144}
{"lr": 0.000768266533066132, "data_time": 0.002652115821838379, "loss": 0.36915379092097284, "loss_rpn_cls": 0.011776375953340903, "loss_rpn_bbox": 0.010161232482641936, "loss_cls": 0.09258440982550382, "acc": 99.0234375, "loss_bbox": 0.16208447333425283, "loss_mask": 0.09254729885607958, "time": 0.1952191686630249, "epoch": 5, "iter": 154, "memory": 3278, "step": 154}
{"lr": 0.000823321643286573, "data_time": 0.0036051416397094725, "loss": 0.32974713429808616, "loss_rpn_cls": 0.010048333315353375, "loss_rpn_bbox": 0.01069979275111109, "loss_cls": 0.08703489303588867, "acc": 93.45703125, "loss_bbox": 0.13242487121373414, "loss_mask": 0.08953924406319856, "time": 0.19321631908416748, "epoch": 6, "iter": 165, "memory": 3277, "step": 165}
{"lr": 0.0008733717434869738, "data_time": 0.003144211769104004, "loss": 0.304959609657526, "loss_rpn_cls": 0.009074151480745059, "loss_rpn_bbox": 0.01090790242771618, "loss_cls": 0.08074953496456146, "acc": 95.3125, "loss_bbox": 0.11279258988797665, "loss_mask": 0.0914354320243001, "time": 0.1869381046295166, "epoch": 6, "iter": 175, "memory": 3445, "step": 175}
{"lr": 0.0009234218436873743, "data_time": 0.003064093589782715, "loss": 0.2911897565424442, "loss_rpn_cls": 0.010506789368409954, "loss_rpn_bbox": 0.011038957585114986, "loss_cls": 0.07642467141151428, "acc": 98.14453125, "loss_bbox": 0.10454236052930355, "loss_mask": 0.08867697950452566, "time": 0.18508726596832276, "epoch": 6, "iter": 185, "memory": 3278, "step": 185}
{"coco/bbox_mAP": 0.756, "coco/bbox_mAP_50": 0.894, "coco/bbox_mAP_75": 0.881, "coco/bbox_mAP_s": 0.101, "coco/bbox_mAP_m": 0.677, "coco/bbox_mAP_l": 0.816, "coco/segm_mAP": 0.827, "coco/segm_mAP_50": 0.906, "coco/segm_mAP_75": 0.894, "coco/segm_mAP_s": 0.117, "coco/segm_mAP_m": 0.677, "coco/segm_mAP_l": 0.895, "data_time": 0.020366345133100237, "time": 0.1355901105063302, "step": 6}
{"lr": 0.000978476953907815, "data_time": 0.004606671333312988, "loss": 0.27498194068670273, "loss_rpn_cls": 0.008793743469759648, "loss_rpn_bbox": 0.010094200732419267, "loss_cls": 0.07299765795469285, "acc": 94.62890625, "loss_bbox": 0.09680061154067517, "loss_mask": 0.08629572723060847, "time": 0.18297869205474854, "epoch": 7, "iter": 196, "memory": 3172, "step": 196}
{"lr": 0.0010285270541082155, "data_time": 0.003793530464172363, "loss": 0.26665240705013277, "loss_rpn_cls": 0.007901412637675093, "loss_rpn_bbox": 0.009889807956060395, "loss_cls": 0.07139885868877173,